College,Year,Asian,Black or African American,Hispanic,White,"Native Hawaiian or Other Pacific Islander, American Indian or Alaska Native",Two or more races,Unknown race and ethnicity,U.S. Nonresident
Amherst College,2010,0.109,0.125,0.131,0.42,0.0,0.057,0.068,0.09
Amherst College,2011,0.108,0.124,0.137,0.436,0.0,0.056,0.061,0.078
Amherst College,2012,0.145,0.104,0.117,0.406,0.004,0.052,0.069,0.104
Amherst College,2013,0.131,0.122,0.135,0.423,0.0,0.056,0.039,0.094
Amherst College,2014,0.139,0.126,0.132,0.416,0.013,0.036,0.036,0.102
Amherst College,2015,0.14,0.105,0.136,0.451,0.002,0.057,0.019,0.09
Amherst College,2016,0.155,0.113,0.144,0.427,0.006,0.053,0.021,0.081
Amherst College,2017,0.144,0.104,0.115,0.465,0.008,0.064,0.019,0.081
Amherst College,2018,0.163,0.098,0.128,0.419,0.006,0.093,0.024,0.069
Amherst College,2019,0.14,0.104,0.14,0.396,0.009,0.057,0.04,0.113
Amherst College,2020,0.164,0.108,0.166,0.362,0.002,0.065,0.002,0.131
Amherst College,2021,0.144,0.119,0.173,0.358,0.002,0.08,0.008,0.117
Amherst College,2022,0.122,0.105,0.161,0.375,0.004,0.099,0.015,0.12
Amherst College,2023,0.186,0.109,0.123,0.34,0.0,0.096,0.018,0.127
Amherst College,2024,0.2,0.03,0.08,0.39,0.0,0.08,0.07,0.16
Bates College,2010,0.061,0.073,0.03,0.741,0.01,0.0,0.024,0.061
Bates College,2011,0.044,0.038,0.064,0.729,0.004,0.044,0.022,0.056
Bates College,2012,0.034,0.024,0.054,0.744,0.0,0.044,0.024,0.078
Bates College,2013,0.06,0.078,0.074,0.684,0.002,0.036,0.002,0.064
Bates College,2014,0.035,0.043,0.079,0.723,0.0,0.049,0.006,0.065
Bates College,2015,0.033,0.054,0.087,0.7,0.004,0.043,0.0,0.079
Bates College,2016,0.04,0.042,0.11,0.689,0.0,0.048,0.0,0.07
Bates College,2017,0.045,0.055,0.049,0.727,0.002,0.039,0.006,0.076
Bates College,2018,0.044,0.046,0.066,0.698,0.0,0.055,0.011,0.079
Bates College,2019,0.066,0.064,0.072,0.635,0.006,0.07,0.004,0.082
Bates College,2020,0.046,0.048,0.092,0.641,0.002,0.084,0.002,0.086
Bates College,2021,0.065,0.058,0.081,0.618,0.005,0.071,0.004,0.098
Bates College,2022,0.073,0.027,0.098,0.614,0.002,0.085,0.008,0.093
Bates College,2023,0.073,0.04,0.073,0.61,0.004,0.087,0.008,0.105
Bates College,2024,0.067,0.047,0.118,0.578,0.0,0.094,0.002,0.094
Berea College,2010,0.014,0.133,0.026,0.688,0.007,0.054,0.026,0.054
Berea College,2011,0.017,0.182,0.029,0.629,0.0,0.062,0.019,0.062
Berea College,2012,0.01,0.146,0.049,0.647,0.003,0.069,0.01,0.066
Berea College,2013,0.008,0.151,0.05,0.645,0.01,0.055,0.01,0.071
Berea College,2014,0.012,0.168,0.096,0.584,0.0,0.065,0.01,0.065
Berea College,2015,0.009,0.157,0.113,0.572,0.005,0.06,0.012,0.072
Berea College,2016,0.029,0.153,0.12,0.536,0.0,0.086,0.007,0.069
Berea College,2017,0.021,0.176,0.12,0.542,0.007,0.076,0.002,0.056
Berea College,2018,0.025,0.183,0.114,0.527,0.0,0.089,0.005,0.057
Berea College,2019,0.024,0.169,0.128,0.508,0.002,0.092,0.002,0.073
Berea College,2020,0.031,0.146,0.183,0.536,0.0,0.098,0.003,0.003
Berea College,2021,0.047,0.201,0.139,0.459,0.003,0.098,0.006,0.047
Berea College,2022,0.04,0.196,0.165,0.455,0.0,0.071,0.006,0.068
Berea College,2023,0.036,0.208,0.155,0.426,0.0,0.087,0.007,0.08
Berea College,2024,0.04,0.187,0.167,0.443,0.0,0.062,0.005,0.097
Boston College,2010,0.096,0.051,0.118,0.57,0.002,0.026,0.102,0.035
Boston College,2011,0.08,0.031,0.104,0.606,0.0,0.026,0.104,0.048
Boston College,2012,0.111,0.043,0.119,0.595,0.0,0.028,0.055,0.048
Boston College,2013,0.103,0.037,0.093,0.62,0.001,0.029,0.052,0.065
Boston College,2014,0.087,0.031,0.086,0.663,0.001,0.033,0.037,0.062
Boston College,2015,0.095,0.039,0.093,0.626,0.001,0.033,0.046,0.068
Boston College,2016,0.107,0.028,0.112,0.613,0.001,0.027,0.044,0.068
Boston College,2017,0.107,0.04,0.123,0.578,0.0,0.038,0.039,0.075
Boston College,2018,0.111,0.041,0.113,0.569,0.001,0.041,0.039,0.084
Boston College,2019,0.109,0.041,0.116,0.562,0.001,0.047,0.049,0.074
Boston College,2020,0.102,0.044,0.109,0.578,0.0,0.046,0.04,0.081
Boston College,2021,0.113,0.043,0.118,0.605,0.001,0.043,0.018,0.06
Boston College,2022,0.132,0.069,0.117,0.583,0.004,0.001,0.018,0.075
Boston College,2023,0.104,0.055,0.13,0.565,0.0,0.061,0.015,0.069
Boston College,2024,0.12,0.048,0.145,0.528,0.001,0.056,0.025,0.077
Bowdoin College,2010,0.073,0.045,0.128,0.631,0.002,0.067,0.016,0.037
Bowdoin College,2011,0.058,0.05,0.118,0.642,0.0,0.07,0.008,0.054
Bowdoin College,2012,0.081,0.047,0.134,0.636,0.004,0.051,0.002,0.045
Bowdoin College,2013,0.056,0.054,0.119,0.646,0.002,0.062,0.006,0.054
Bowdoin College,2014,0.062,0.05,0.124,0.631,0.002,0.078,0.002,0.052
Bowdoin College,2015,0.072,0.058,0.104,0.632,0.002,0.066,0.012,0.054
Bowdoin College,2016,0.046,0.08,0.107,0.63,0.006,0.072,0.012,0.048
Bowdoin College,2017,0.09,0.074,0.098,0.593,0.002,0.068,0.008,0.068
Bowdoin College,2018,0.088,0.094,0.102,0.571,0.006,0.059,0.004,0.076
Bowdoin College,2019,0.066,0.066,0.129,0.572,0.004,0.088,0.0,0.074
Bowdoin College,2020,0.106,0.058,0.093,0.577,0.004,0.095,0.002,0.065
Bowdoin College,2021,0.11,0.048,0.139,0.524,0.002,0.103,0.0,0.074
Bowdoin College,2022,0.1,0.065,0.167,0.502,0.004,0.096,0.004,0.061
Bowdoin College,2023,0.135,0.046,0.135,0.494,0.002,0.107,0.0,0.081
Bowdoin College,2024,0.095,0.057,0.16,0.538,0.0,0.077,0.004,0.069
Brandeis University,2010,0.155,0.042,0.054,0.517,0.001,0.03,0.087,0.113
Brandeis University,2011,0.135,0.045,0.063,0.526,0.0,0.041,0.063,0.127
Brandeis University,2012,0.129,0.048,0.076,0.506,0.0,0.023,0.067,0.151
Brandeis University,2013,0.12,0.068,0.084,0.444,0.001,0.022,0.084,0.176
Brandeis University,2014,0.135,0.049,0.065,0.467,0.001,0.023,0.022,0.237
Brandeis University,2015,0.147,0.054,0.082,0.464,0.0,0.036,0.015,0.202
Brandeis University,2016,0.128,0.046,0.096,0.47,0.001,0.039,0.034,0.184
Brandeis University,2017,0.131,0.062,0.076,0.483,0.007,0.026,0.022,0.195
Brandeis University,2018,0.156,0.057,0.099,0.436,0.001,0.039,0.022,0.189
Brandeis University,2019,0.159,0.057,0.082,0.443,0.001,0.039,0.017,0.202
Brandeis University,2020,0.14,0.062,0.091,0.411,0.001,0.042,0.063,0.19
Brandeis University,2021,0.159,0.051,0.073,0.438,0.0,0.044,0.021,0.214
Brandeis University,2022,0.177,0.063,0.089,0.425,0.0,0.041,0.018,0.187
Brandeis University,2023,0.196,0.054,0.092,0.397,0.0,0.06,0.007,0.194
Brandeis University,2024,0.175,0.06,0.117,0.35,0.001,0.045,0.085,0.168
Bucknell University,2010,0.026,0.033,0.054,0.769,0.0,0.019,0.045,0.054
Bucknell University,2011,0.032,0.027,0.058,0.771,0.0,0.027,0.031,0.055
Bucknell University,2012,0.039,0.026,0.047,0.8,0.0,0.037,0.002,0.048
Bucknell University,2013,0.043,0.032,0.059,0.766,0.001,0.039,0.003,0.057
Bucknell University,2014,0.031,0.031,0.054,0.8,0.0,0.031,0.002,0.051
Bucknell University,2015,0.066,0.043,0.084,0.711,0.0,0.041,0.001,0.054
Bucknell University,2016,0.049,0.037,0.056,0.748,0.0,0.035,0.002,0.073
Bucknell University,2017,0.059,0.033,0.075,0.717,0.0,0.052,0.003,0.061
Bucknell University,2018,0.056,0.037,0.064,0.725,0.001,0.049,0.001,0.067
Bucknell University,2019,0.043,0.035,0.066,0.774,0.001,0.026,0.0,0.055
Bucknell University,2020,0.047,0.049,0.06,0.766,0.0,0.035,0.0,0.044
Bucknell University,2021,0.056,0.035,0.082,0.752,0.001,0.036,0.001,0.038
Bucknell University,2022,0.038,0.044,0.083,0.745,0.0,0.051,0.001,0.039
Bucknell University,2023,0.049,0.041,0.091,0.732,0.001,0.04,0.001,0.046
Bucknell University,2024,0.038,0.047,0.105,0.718,0.002,0.043,0.004,0.041
California Institute of Technology,2010,0.419,0.018,0.05,0.333,0.005,0.054,0.023,0.099
California Institute of Technology,2011,0.369,0.012,0.123,0.295,0.004,0.086,0.0,0.111
California Institute of Technology,2012,0.424,0.019,0.133,0.28,0.0,0.076,0.004,0.064
California Institute of Technology,2013,0.48,0.016,0.101,0.27,0.0,0.044,0.0,0.089
California Institute of Technology,2014,0.465,0.009,0.15,0.257,0.0,0.035,0.0,0.084
California Institute of Technology,2015,0.461,0.012,0.112,0.295,0.0,0.041,0.008,0.071
California Institute of Technology,2016,0.328,0.017,0.128,0.298,0.0,0.119,0.0,0.111
California Institute of Technology,2017,0.477,0.013,0.123,0.234,0.0,0.072,0.0,0.081
California Institute of Technology,2018,0.359,0.017,0.182,0.268,0.0,0.1,0.0,0.074
California Institute of Technology,2019,0.319,0.026,0.243,0.268,0.004,0.081,0.004,0.055
California Institute of Technology,2020,0.396,0.018,0.169,0.213,0.0,0.093,0.018,0.093
California Institute of Technology,2021,0.278,0.044,0.296,0.159,0.004,0.122,0.0,0.096
California Institute of Technology,2022,0.366,0.049,0.183,0.196,0.0,0.062,0.004,0.138
California Institute of Technology,2023,0.395,0.041,0.105,0.211,0.004,0.068,0.0,0.177
California Institute of Technology,2024,0.413,0.055,0.101,0.197,0.005,0.078,0.0,0.151
Carleton College,2010,0.066,0.033,0.074,0.67,0.002,0.047,0.027,0.08
Carleton College,2011,0.094,0.04,0.044,0.651,0.0,0.05,0.019,0.1
Carleton College,2012,0.076,0.028,0.076,0.672,0.0,0.042,0.023,0.083
Carleton College,2013,0.108,0.042,0.065,0.62,0.008,0.047,0.019,0.091
Carleton College,2014,0.083,0.04,0.071,0.658,0.002,0.038,0.006,0.102
Carleton College,2015,0.063,0.045,0.079,0.597,0.0,0.067,0.024,0.124
Carleton College,2016,0.085,0.055,0.088,0.591,0.0,0.074,0.021,0.086
Carleton College,2017,0.08,0.057,0.08,0.592,0.0,0.063,0.015,0.111
Carleton College,2018,0.102,0.038,0.079,0.575,0.004,0.076,0.002,0.125
Carleton College,2019,0.103,0.053,0.091,0.535,0.0,0.082,0.029,0.107
Carleton College,2020,0.102,0.095,0.093,0.508,0.0,0.095,0.033,0.075
Carleton College,2021,0.088,0.056,0.086,0.539,0.0,0.088,0.027,0.115
Carleton College,2022,0.12,0.068,0.111,0.487,0.004,0.094,0.019,0.098
Carleton College,2023,0.117,0.069,0.104,0.494,0.002,0.093,0.02,0.1
Carleton College,2024,0.101,0.041,0.093,0.521,0.004,0.093,0.041,0.107
Carnegie Mellon University,2010,0.223,0.056,0.075,0.415,0.001,0.044,0.064,0.121
Carnegie Mellon University,2011,0.238,0.063,0.089,0.433,0.0,0.045,0.042,0.089
Carnegie Mellon University,2012,0.257,0.046,0.077,0.367,0.001,0.042,0.055,0.155
Carnegie Mellon University,2013,0.261,0.052,0.078,0.34,0.001,0.044,0.056,0.169
Carnegie Mellon University,2014,0.312,0.043,0.073,0.3,0.003,0.045,0.041,0.182
Carnegie Mellon University,2015,0.302,0.046,0.1,0.26,0.001,0.038,0.053,0.2
Carnegie Mellon University,2016,0.32,0.041,0.09,0.285,0.001,0.043,0.053,0.168
Carnegie Mellon University,2017,0.32,0.038,0.092,0.276,0.0,0.046,0.066,0.161
Carnegie Mellon University,2018,0.331,0.034,0.094,0.267,0.001,0.036,0.078,0.16
Carnegie Mellon University,2019,0.354,0.038,0.095,0.227,0.001,0.042,0.071,0.172
Carnegie Mellon University,2020,0.381,0.034,0.093,0.223,0.001,0.044,0.066,0.159
Carnegie Mellon University,2021,0.307,0.045,0.109,0.221,0.0,0.068,0.046,0.204
Carnegie Mellon University,2022,0.332,0.045,0.123,0.207,0.002,0.052,0.05,0.189
Carnegie Mellon University,2023,0.353,0.045,0.119,0.214,0.0,0.057,0.05,0.162
Carnegie Mellon University,2024,0.393,0.022,0.064,0.21,0.0,0.042,0.07,0.2
Case Western Reserve University,2010,0.176,0.048,0.038,0.523,0.002,0.031,0.113,0.069
Case Western Reserve University,2011,0.192,0.034,0.042,0.53,0.003,0.031,0.083,0.084
Case Western Reserve University,2012,0.202,0.047,0.071,0.554,0.001,0.042,0.014,0.068
Case Western Reserve University,2013,0.176,0.053,0.062,0.51,0.0,0.042,0.043,0.115
Case Western Reserve University,2014,0.211,0.048,0.066,0.494,0.001,0.051,0.016,0.115
Case Western Reserve University,2015,0.219,0.046,0.064,0.455,0.003,0.047,0.015,0.15
Case Western Reserve University,2016,0.195,0.043,0.062,0.481,0.002,0.043,0.017,0.156
Case Western Reserve University,2017,0.203,0.04,0.075,0.479,0.003,0.047,0.011,0.143
Case Western Reserve University,2018,0.23,0.04,0.11,0.429,0.004,0.049,0.011,0.127
Case Western Reserve University,2019,0.219,0.053,0.114,0.382,0.004,0.063,0.01,0.156
Case Western Reserve University,2020,0.266,0.044,0.1,0.364,0.001,0.053,0.005,0.168
Case Western Reserve University,2021,0.259,0.052,0.125,0.361,0.002,0.057,0.009,0.136
Case Western Reserve University,2022,0.248,0.1,0.144,0.308,0.001,0.046,0.013,0.141
Case Western Reserve University,2023,0.302,0.065,0.13,0.304,0.001,0.051,0.014,0.133
Case Western Reserve University,2024,0.37,0.05,0.1,0.33,0.0,0.05,0.02,0.08
Colgate University,2010,0.033,0.048,0.08,0.652,0.006,0.034,0.062,0.085
Colgate University,2011,0.03,0.045,0.084,0.682,0.003,0.029,0.055,0.073
Colgate University,2012,0.033,0.037,0.073,0.696,0.003,0.028,0.053,0.078
Colgate University,2013,0.03,0.038,0.08,0.672,0.001,0.042,0.037,0.099
Colgate University,2014,0.044,0.043,0.098,0.652,0.0,0.04,0.027,0.095
Colgate University,2015,0.032,0.053,0.111,0.656,0.004,0.04,0.032,0.071
Colgate University,2016,0.039,0.046,0.076,0.663,0.0,0.035,0.046,0.095
Colgate University,2017,0.049,0.039,0.086,0.617,0.003,0.04,0.06,0.106
Colgate University,2018,0.061,0.038,0.091,0.665,0.002,0.039,0.015,0.088
Colgate University,2019,0.048,0.038,0.083,0.654,0.004,0.046,0.027,0.101
Colgate University,2020,0.056,0.05,0.102,0.639,0.0,0.05,0.012,0.092
Colgate University,2021,0.055,0.048,0.092,0.645,0.002,0.048,0.019,0.089
Colgate University,2022,0.063,0.044,0.105,0.623,0.004,0.053,0.017,0.091
Colgate University,2023,0.052,0.041,0.088,0.643,0.002,0.069,0.016,0.088
Colgate University,2024,0.056,0.034,0.098,0.638,0.001,0.063,0.032,0.079
College of the Holy Cross,2010,0.043,0.05,0.113,0.637,0.0,0.025,0.127,0.007
College of the Holy Cross,2011,0.048,0.051,0.113,0.678,0.001,0.029,0.068,0.012
College of the Holy Cross,2012,0.033,0.034,0.107,0.713,0.004,0.035,0.067,0.007
College of the Holy Cross,2013,0.06,0.029,0.106,0.694,0.001,0.028,0.07,0.013
College of the Holy Cross,2014,0.052,0.038,0.115,0.702,0.001,0.043,0.025,0.025
College of the Holy Cross,2015,0.058,0.038,0.091,0.696,0.003,0.024,0.051,0.038
College of the Holy Cross,2016,0.041,0.056,0.106,0.691,0.001,0.033,0.046,0.026
College of the Holy Cross,2017,0.039,0.042,0.106,0.72,0.001,0.037,0.017,0.038
College of the Holy Cross,2018,0.041,0.038,0.092,0.742,0.002,0.024,0.03,0.03
College of the Holy Cross,2019,0.052,0.053,0.144,0.641,0.0,0.033,0.039,0.04
College of the Holy Cross,2020,0.03,0.031,0.098,0.768,0.001,0.027,0.016,0.027
College of the Holy Cross,2021,0.04,0.044,0.112,0.724,0.002,0.026,0.023,0.028
College of the Holy Cross,2022,0.032,0.024,0.126,0.712,0.0,0.04,0.039,0.027
College of the Holy Cross,2023,0.028,0.056,0.136,0.663,0.0,0.054,0.032,0.032
College of the Holy Cross,2024,0.032,0.06,0.145,0.634,0.001,0.038,0.047,0.043
Connecticut College,2010,0.029,0.043,0.07,0.709,0.002,0.035,0.068,0.045
Connecticut College,2011,0.026,0.033,0.079,0.738,0.0,0.03,0.057,0.037
Connecticut College,2012,0.042,0.036,0.097,0.712,0.0,0.016,0.058,0.04
Connecticut College,2013,0.037,0.039,0.104,0.656,0.002,0.035,0.047,0.08
Connecticut College,2014,0.036,0.026,0.074,0.745,0.0,0.034,0.02,0.064
Connecticut College,2015,0.056,0.05,0.069,0.711,0.004,0.036,0.015,0.059
Connecticut College,2016,0.051,0.034,0.102,0.676,0.0,0.023,0.034,0.081
Connecticut College,2017,0.036,0.047,0.063,0.712,0.0,0.05,0.007,0.086
Connecticut College,2018,0.047,0.035,0.102,0.679,0.004,0.037,0.018,0.077
Connecticut College,2019,0.035,0.033,0.112,0.634,0.004,0.031,0.024,0.126
Connecticut College,2020,0.032,0.053,0.132,0.676,0.0,0.042,0.009,0.056
Connecticut College,2021,0.037,0.053,0.106,0.669,0.002,0.033,0.033,0.069
Connecticut College,2022,0.033,0.037,0.132,0.698,0.0,0.035,0.021,0.044
Connecticut College,2023,0.045,0.041,0.103,0.705,0.0,0.05,0.011,0.045
Connecticut College,2024,0.033,0.064,0.126,0.636,0.0,0.053,0.033,0.053
Cooper Union,2010,0.174,0.064,0.105,0.416,0.0,0.037,0.073,0.132
Cooper Union,2011,0.2,0.095,0.086,0.329,0.01,0.043,0.11,0.129
Cooper Union,2012,0.227,0.055,0.094,0.42,0.011,0.017,0.116,0.061
Cooper Union,2013,0.152,0.062,0.09,0.348,0.011,0.006,0.208,0.124
Cooper Union,2014,0.28,0.032,0.101,0.261,0.018,0.0,0.11,0.197
Cooper Union,2015,0.167,0.026,0.094,0.326,0.0,0.107,0.069,0.21
Cooper Union,2016,0.205,0.031,0.107,0.281,0.0,0.067,0.112,0.196
Cooper Union,2017,0.22,0.042,0.047,0.356,0.0,0.047,0.084,0.204
Cooper Union,2018,0.241,0.042,0.093,0.329,0.0,0.051,0.065,0.181
Cooper Union,2019,0.313,0.066,0.131,0.318,0.0,0.02,0.056,0.096
Cooper Union,2020,0.335,0.055,0.119,0.294,0.005,0.032,0.064,0.096
Cooper Union,2021,0.321,0.054,0.127,0.267,0.0,0.059,0.045,0.127
Cooper Union,2022,0.313,0.046,0.118,0.282,0.0,0.077,0.062,0.103
Cooper Union,2023,0.349,0.059,0.124,0.28,0.01,0.038,0.022,0.118
Cooper Union,2024,0.333,0.076,0.091,0.278,0.005,0.086,0.04,0.091
Cornell University,2010,0.153,0.053,0.102,0.461,0.005,0.048,0.097,0.081
Cornell University,2011,0.168,0.063,0.115,0.417,0.003,0.042,0.096,0.097
Cornell University,2012,0.173,0.057,0.121,0.414,0.004,0.047,0.092,0.092
Cornell University,2013,0.168,0.07,0.12,0.389,0.004,0.047,0.095,0.107
Cornell University,2014,0.193,0.061,0.127,0.426,0.006,0.045,0.053,0.089
Cornell University,2015,0.203,0.07,0.137,0.374,0.006,0.045,0.074,0.091
Cornell University,2016,0.182,0.067,0.139,0.364,0.007,0.048,0.082,0.11
Cornell University,2017,0.192,0.08,0.142,0.351,0.004,0.051,0.076,0.103
Cornell University,2018,0.189,0.08,0.153,0.341,0.004,0.051,0.078,0.103
Cornell University,2019,0.203,0.066,0.158,0.35,0.003,0.056,0.071,0.093
Cornell University,2020,0.225,0.079,0.163,0.326,0.003,0.047,0.066,0.09
Cornell University,2021,0.224,0.091,0.157,0.312,0.006,0.058,0.055,0.098
Cornell University,2022,0.236,0.083,0.154,0.307,0.003,0.061,0.06,0.096
Cornell University,2023,0.272,0.074,0.15,0.287,0.005,0.06,0.051,0.101
Cornell University,2024,0.286,0.043,0.094,0.319,0.002,0.062,0.088,0.106
Dartmouth College,2010,0.137,0.065,0.085,0.46,0.018,0.059,0.105,0.072
Dartmouth College,2011,0.131,0.066,0.08,0.469,0.019,0.054,0.119,0.063
Dartmouth College,2012,0.149,0.068,0.075,0.465,0.017,0.049,0.088,0.089
Dartmouth College,2013,0.154,0.066,0.074,0.467,0.027,0.058,0.07,0.085
Dartmouth College,2014,0.136,0.073,0.096,0.514,0.028,0.044,0.03,0.078
Dartmouth College,2015,0.16,0.067,0.085,0.503,0.029,0.052,0.021,0.084
Dartmouth College,2016,0.147,0.072,0.106,0.493,0.026,0.054,0.013,0.09
Dartmouth College,2017,0.161,0.055,0.099,0.509,0.016,0.058,0.009,0.092
Dartmouth College,2018,0.147,0.05,0.1,0.518,0.015,0.051,0.009,0.11
Dartmouth College,2019,0.142,0.056,0.1,0.508,0.014,0.061,0.017,0.101
Dartmouth College,2020,0.153,0.059,0.107,0.481,0.013,0.066,0.015,0.106
Dartmouth College,2021,0.126,0.061,0.105,0.469,0.015,0.074,0.015,0.136
Dartmouth College,2022,0.137,0.06,0.092,0.453,0.012,0.074,0.02,0.152
Dartmouth College,2023,0.147,0.062,0.085,0.447,0.011,0.078,0.026,0.144
Dartmouth College,2024,0.127,0.059,0.11,0.409,0.011,0.083,0.057,0.144
Emory University,2010,0.255,0.092,0.053,0.378,0.002,0.03,0.029,0.161
Emory University,2011,0.23,0.095,0.058,0.426,0.002,0.023,0.048,0.117
Emory University,2012,0.217,0.082,0.07,0.395,0.001,0.028,0.029,0.178
Emory University,2013,0.196,0.083,0.079,0.424,0.001,0.032,0.027,0.158
Emory University,2014,0.179,0.081,0.082,0.436,0.003,0.032,0.021,0.166
Emory University,2015,0.178,0.086,0.107,0.41,0.001,0.032,0.016,0.169
Emory University,2016,0.188,0.071,0.108,0.409,0.0,0.054,0.008,0.161
Emory University,2017,0.213,0.069,0.104,0.394,0.003,0.038,0.007,0.171
Emory University,2018,0.217,0.072,0.11,0.392,0.0,0.043,0.007,0.159
Emory University,2019,0.2,0.082,0.122,0.386,0.001,0.049,0.008,0.151
Emory University,2020,0.255,0.074,0.108,0.349,0.001,0.046,0.011,0.155
Emory University,2021,0.213,0.099,0.124,0.328,0.0,0.048,0.017,0.171
Emory University,2022,0.234,0.096,0.123,0.319,0.001,0.043,0.018,0.167
Emory University,2023,0.256,0.1,0.13,0.276,0.001,0.05,0.013,0.174
Emory University,2024,0.244,0.099,0.12,0.278,0.001,0.035,0.056,0.166
Franklin and Marshall College,2010,0.041,0.025,0.06,0.748,0.0,0.017,0.008,0.1
Franklin and Marshall College,2011,0.039,0.052,0.064,0.623,0.002,0.032,0.067,0.122
Franklin and Marshall College,2012,0.037,0.062,0.073,0.609,0.003,0.013,0.073,0.129
Franklin and Marshall College,2013,0.045,0.043,0.094,0.551,0.0,0.018,0.083,0.166
Franklin and Marshall College,2014,0.052,0.064,0.1,0.613,0.0,0.017,0.027,0.127
Franklin and Marshall College,2015,0.051,0.059,0.074,0.574,0.002,0.024,0.059,0.157
Franklin and Marshall College,2016,0.059,0.052,0.095,0.546,0.002,0.027,0.053,0.166
Franklin and Marshall College,2017,0.048,0.074,0.119,0.566,0.002,0.025,0.022,0.144
Franklin and Marshall College,2018,0.049,0.061,0.101,0.535,0.0,0.023,0.016,0.214
Franklin and Marshall College,2019,0.04,0.049,0.112,0.53,0.002,0.037,0.013,0.219
Franklin and Marshall College,2020,0.043,0.09,0.125,0.542,0.002,0.034,0.013,0.15
Franklin and Marshall College,2021,0.063,0.055,0.096,0.589,0.002,0.029,0.02,0.145
Franklin and Marshall College,2022,0.045,0.037,0.09,0.567,0.0,0.045,0.006,0.209
Franklin and Marshall College,2023,0.054,0.036,0.092,0.629,0.004,0.033,0.007,0.145
Franklin and Marshall College,2024,0.063,0.05,0.096,0.579,0.0,0.038,0.008,0.166
Georgetown University,2010,0.091,0.07,0.076,0.647,0.004,0.039,0.008,0.065
Georgetown University,2011,0.105,0.07,0.093,0.596,0.0,0.036,0.023,0.076
Georgetown University,2012,0.099,0.062,0.066,0.617,0.001,0.039,0.018,0.098
Georgetown University,2013,0.103,0.066,0.087,0.571,0.003,0.05,0.017,0.104
Georgetown University,2014,0.1,0.058,0.082,0.601,0.0,0.041,0.008,0.109
Georgetown University,2015,0.107,0.07,0.09,0.573,0.001,0.052,0.009,0.1
Georgetown University,2016,0.093,0.063,0.09,0.571,0.0,0.047,0.024,0.112
Georgetown University,2017,0.089,0.073,0.152,0.508,0.001,0.048,0.021,0.11
Georgetown University,2018,0.124,0.076,0.103,0.507,0.001,0.054,0.022,0.113
Georgetown University,2019,0.136,0.059,0.084,0.547,0.003,0.061,0.025,0.086
Georgetown University,2020,0.155,0.057,0.075,0.528,0.003,0.071,0.031,0.08
Georgetown University,2021,0.145,0.056,0.063,0.541,0.002,0.07,0.028,0.094
Georgetown University,2022,0.181,0.05,0.061,0.535,0.003,0.059,0.031,0.079
Georgetown University,2023,0.182,0.051,0.095,0.492,0.001,0.068,0.026,0.085
Georgetown University,2024,0.175,0.051,0.114,0.43,0.0,0.079,0.081,0.072
Georgia Institute of Technology,2010,0.163,0.054,0.061,0.601,0.003,0.032,0.005,0.081
Georgia Institute of Technology,2011,0.165,0.062,0.059,0.585,0.001,0.033,0.007,0.088
Georgia Institute of Technology,2012,0.177,0.051,0.067,0.524,0.001,0.038,0.004,0.138
Georgia Institute of Technology,2013,0.191,0.059,0.051,0.536,0.002,0.038,0.004,0.119
Georgia Institute of Technology,2014,0.208,0.053,0.066,0.504,0.001,0.04,0.039,0.089
Georgia Institute of Technology,2015,0.206,0.065,0.062,0.486,0.001,0.036,0.066,0.079
Georgia Institute of Technology,2016,0.201,0.064,0.063,0.493,0.0,0.034,0.058,0.086
Georgia Institute of Technology,2017,0.2,0.069,0.07,0.512,0.0,0.039,0.051,0.058
Georgia Institute of Technology,2018,0.232,0.068,0.07,0.456,0.0,0.041,0.011,0.122
Georgia Institute of Technology,2019,0.252,0.066,0.074,0.446,0.002,0.044,0.009,0.107
Georgia Institute of Technology,2020,0.282,0.07,0.071,0.423,0.001,0.046,0.014,0.093
Georgia Institute of Technology,2021,0.295,0.083,0.084,0.386,0.001,0.041,0.014,0.097
Georgia Institute of Technology,2022,0.337,0.088,0.093,0.348,0.0,0.044,0.011,0.079
Georgia Institute of Technology,2023,0.344,0.092,0.09,0.343,0.001,0.05,0.006,0.076
Georgia Institute of Technology,2024,0.34,0.078,0.08,0.36,0.001,0.046,0.008,0.087
Grinnell College,2010,0.072,0.067,0.087,0.554,0.0,0.046,0.043,0.13
Grinnell College,2011,0.065,0.06,0.089,0.609,0.0,0.04,0.033,0.103
Grinnell College,2012,0.077,0.047,0.068,0.588,0.002,0.043,0.043,0.133
Grinnell College,2013,0.071,0.069,0.095,0.556,0.002,0.035,0.019,0.154
Grinnell College,2014,0.08,0.053,0.069,0.566,0.0,0.051,0.002,0.179
Grinnell College,2015,0.066,0.059,0.057,0.536,0.0,0.057,0.054,0.172
Grinnell College,2016,0.075,0.048,0.077,0.47,0.0,0.034,0.061,0.235
Grinnell College,2017,0.063,0.063,0.074,0.501,0.0,0.045,0.04,0.215
Grinnell College,2018,0.091,0.043,0.084,0.49,0.0,0.063,0.043,0.186
Grinnell College,2019,0.065,0.039,0.081,0.525,0.0,0.039,0.052,0.198
Grinnell College,2020,0.078,0.044,0.086,0.558,0.0,0.047,0.042,0.144
Grinnell College,2021,0.079,0.051,0.079,0.52,0.0,0.059,0.017,0.195
Grinnell College,2022,0.078,0.057,0.103,0.515,0.0,0.048,0.007,0.192
Grinnell College,2023,0.105,0.053,0.077,0.484,0.002,0.072,0.007,0.201
Grinnell College,2024,0.126,0.046,0.098,0.432,0.002,0.071,0.002,0.223
Harvey Mudd College,2010,0.221,0.01,0.067,0.503,0.005,0.077,0.041,0.077
Harvey Mudd College,2011,0.185,0.01,0.072,0.554,0.0,0.015,0.056,0.108
Harvey Mudd College,2012,0.232,0.01,0.081,0.46,0.0,0.035,0.086,0.096
Harvey Mudd College,2013,0.203,0.018,0.134,0.387,0.005,0.078,0.032,0.143
Harvey Mudd College,2014,0.196,0.026,0.103,0.387,0.015,0.103,0.041,0.129
Harvey Mudd College,2015,0.178,0.047,0.182,0.304,0.005,0.112,0.051,0.121
Harvey Mudd College,2016,0.164,0.033,0.22,0.341,0.014,0.103,0.075,0.051
Harvey Mudd College,2017,0.138,0.053,0.191,0.316,0.004,0.142,0.062,0.093
Harvey Mudd College,2018,0.261,0.026,0.205,0.278,0.009,0.081,0.064,0.077
Harvey Mudd College,2019,0.205,0.045,0.17,0.317,0.004,0.103,0.058,0.098
Harvey Mudd College,2020,0.295,0.039,0.208,0.222,0.005,0.097,0.072,0.063
Harvey Mudd College,2021,0.182,0.08,0.236,0.213,0.004,0.138,0.027,0.12
Harvey Mudd College,2022,0.211,0.059,0.241,0.245,0.004,0.101,0.038,0.101
Harvey Mudd College,2023,0.183,0.036,0.25,0.21,0.004,0.125,0.054,0.138
Harvey Mudd College,2024,0.212,0.035,0.186,0.286,0.004,0.113,0.065,0.1
Johns Hopkins University,2010,0.181,0.042,0.08,0.562,0.002,0.042,0.005,0.086
Johns Hopkins University,2011,0.186,0.049,0.099,0.484,0.001,0.042,0.032,0.106
Johns Hopkins University,2012,0.186,0.058,0.127,0.46,0.003,0.042,0.029,0.094
Johns Hopkins University,2013,0.206,0.057,0.124,0.435,0.001,0.047,0.026,0.103
Johns Hopkins University,2014,0.252,0.044,0.142,0.39,0.002,0.052,0.014,0.103
Johns Hopkins University,2015,0.254,0.072,0.135,0.336,0.004,0.044,0.052,0.104
Johns Hopkins University,2016,0.27,0.061,0.139,0.329,0.006,0.046,0.058,0.091
Johns Hopkins University,2017,0.262,0.077,0.149,0.294,0.001,0.063,0.071,0.082
Johns Hopkins University,2018,0.256,0.074,0.146,0.292,0.003,0.072,0.046,0.11
Johns Hopkins University,2019,0.274,0.082,0.176,0.231,0.002,0.075,0.016,0.144
Johns Hopkins University,2020,0.289,0.086,0.188,0.226,0.001,0.061,0.011,0.137
Johns Hopkins University,2021,0.248,0.096,0.214,0.201,0.0,0.065,0.019,0.156
Johns Hopkins University,2022,0.265,0.108,0.23,0.166,0.002,0.068,0.017,0.143
Johns Hopkins University,2023,0.256,0.098,0.208,0.193,0.004,0.068,0.016,0.157
Johns Hopkins University,2024,0.408,0.035,0.107,0.21,0.002,0.058,0.03,0.15
Kenyon College,2010,0.048,0.041,0.041,0.818,0.004,0.01,0.008,0.029
Kenyon College,2011,0.083,0.024,0.051,0.771,0.011,0.004,0.03,0.026
Kenyon College,2012,0.063,0.034,0.065,0.726,0.013,0.007,0.038,0.054
Kenyon College,2013,0.044,0.038,0.054,0.715,0.0,0.056,0.044,0.05
Kenyon College,2014,0.027,0.04,0.074,0.735,0.0,0.061,0.016,0.047
Kenyon College,2015,0.041,0.045,0.077,0.722,0.0,0.049,0.026,0.041
Kenyon College,2016,0.039,0.021,0.07,0.749,0.0,0.045,0.021,0.055
Kenyon College,2017,0.029,0.033,0.079,0.671,0.0,0.053,0.055,0.079
Kenyon College,2018,0.043,0.033,0.082,0.673,0.0,0.043,0.017,0.109
Kenyon College,2019,0.037,0.039,0.068,0.688,0.0,0.041,0.012,0.115
Kenyon College,2020,0.067,0.029,0.074,0.695,0.004,0.052,0.016,0.063
Kenyon College,2021,0.033,0.033,0.059,0.654,0.0,0.059,0.022,0.14
Kenyon College,2022,0.058,0.026,0.083,0.652,0.0,0.068,0.009,0.104
Kenyon College,2023,0.053,0.022,0.081,0.673,0.0,0.057,0.007,0.108
Kenyon College,2024,0.034,0.021,0.1,0.665,0.0,0.062,0.011,0.107
Lehigh University,2010,0.054,0.031,0.063,0.722,0.001,0.028,0.045,0.056
Lehigh University,2011,0.065,0.036,0.089,0.692,0.0,0.031,0.038,0.05
Lehigh University,2012,0.077,0.04,0.091,0.68,0.0,0.026,0.022,0.062
Lehigh University,2013,0.073,0.034,0.091,0.648,0.0,0.029,0.03,0.094
Lehigh University,2014,0.104,0.042,0.075,0.66,0.002,0.017,0.015,0.085
Lehigh University,2015,0.079,0.031,0.091,0.621,0.003,0.036,0.04,0.098
Lehigh University,2016,0.076,0.05,0.095,0.628,0.002,0.026,0.04,0.083
Lehigh University,2017,0.065,0.033,0.082,0.635,0.002,0.041,0.053,0.09
Lehigh University,2018,0.091,0.027,0.101,0.635,0.001,0.034,0.013,0.1
Lehigh University,2019,0.077,0.06,0.1,0.595,0.001,0.043,0.036,0.088
Lehigh University,2020,0.089,0.058,0.103,0.605,0.001,0.036,0.02,0.087
Lehigh University,2021,0.106,0.052,0.115,0.591,0.003,0.038,0.034,0.062
Lehigh University,2022,0.116,0.049,0.106,0.574,0.001,0.052,0.02,0.081
Lehigh University,2023,0.12,0.052,0.124,0.566,0.001,0.042,0.027,0.069
Lehigh University,2024,0.103,0.052,0.107,0.618,0.003,0.043,0.021,0.06
Macalester College,2010,0.054,0.041,0.078,0.645,0.004,0.06,0.0,0.118
Macalester College,2011,0.065,0.025,0.067,0.649,0.002,0.056,0.0,0.136
Macalester College,2012,0.082,0.011,0.052,0.674,0.0,0.049,0.0,0.131
Macalester College,2013,0.067,0.027,0.05,0.688,0.002,0.049,0.0,0.117
Macalester College,2014,0.063,0.024,0.083,0.632,0.002,0.059,0.0,0.137
Macalester College,2015,0.06,0.024,0.055,0.617,0.002,0.06,0.002,0.18
Macalester College,2016,0.083,0.034,0.073,0.605,0.006,0.045,0.004,0.15
Macalester College,2017,0.074,0.048,0.107,0.564,0.0,0.064,0.002,0.142
Macalester College,2018,0.105,0.031,0.084,0.544,0.005,0.076,0.003,0.153
Macalester College,2019,0.054,0.062,0.088,0.57,0.008,0.076,0.008,0.135
Macalester College,2020,0.102,0.048,0.128,0.503,0.004,0.082,0.007,0.126
Macalester College,2021,0.068,0.06,0.101,0.582,0.003,0.09,0.0,0.095
Macalester College,2022,0.072,0.065,0.112,0.538,0.0,0.092,0.004,0.116
Macalester College,2023,0.081,0.05,0.127,0.459,0.006,0.087,0.012,0.178
Macalester College,2024,0.08,0.061,0.086,0.452,0.005,0.082,0.023,0.209
Middlebury College,2010,0.054,0.033,0.066,0.633,0.002,0.047,0.05,0.116
Middlebury College,2011,0.07,0.025,0.08,0.653,0.003,0.053,0.023,0.093
Middlebury College,2012,0.07,0.032,0.069,0.651,0.003,0.048,0.018,0.109
Middlebury College,2013,0.075,0.046,0.11,0.592,0.002,0.051,0.006,0.117
Middlebury College,2014,0.074,0.045,0.11,0.6,0.002,0.048,0.003,0.117
Middlebury College,2015,0.065,0.039,0.114,0.623,0.0,0.053,0.008,0.098
Middlebury College,2016,0.064,0.041,0.101,0.629,0.0,0.048,0.025,0.092
Middlebury College,2017,0.072,0.058,0.11,0.565,0.002,0.055,0.024,0.113
Middlebury College,2018,0.099,0.045,0.119,0.575,0.0,0.049,0.006,0.107
Middlebury College,2019,0.064,0.045,0.112,0.587,0.002,0.066,0.007,0.117
Middlebury College,2020,0.095,0.055,0.1,0.6,0.0,0.06,0.002,0.09
Middlebury College,2021,0.076,0.068,0.153,0.485,0.0,0.075,0.004,0.138
Middlebury College,2022,0.083,0.078,0.167,0.463,0.002,0.086,0.008,0.113
Middlebury College,2023,0.097,0.055,0.133,0.49,0.0,0.085,0.012,0.129
Middlebury College,2024,0.065,0.033,0.119,0.559,0.0,0.062,0.01,0.152
New York University,2010,0.209,0.031,0.085,0.436,0.002,0.042,0.063,0.13
New York University,2011,0.192,0.04,0.11,0.393,0.006,0.03,0.113,0.116
New York University,2012,0.181,0.049,0.111,0.374,0.002,0.037,0.093,0.152
New York University,2013,0.183,0.045,0.116,0.354,0.003,0.043,0.084,0.172
New York University,2014,0.211,0.052,0.129,0.333,0.004,0.045,0.041,0.185
New York University,2015,0.208,0.055,0.132,0.306,0.003,0.042,0.063,0.192
New York University,2016,0.206,0.055,0.138,0.294,0.003,0.041,0.063,0.2
New York University,2017,0.182,0.072,0.151,0.271,0.004,0.053,0.053,0.216
New York University,2018,0.176,0.098,0.193,0.213,0.003,0.039,0.042,0.236
New York University,2019,0.188,0.094,0.187,0.204,0.002,0.037,0.045,0.242
New York University,2020,0.218,0.085,0.179,0.198,0.003,0.036,0.04,0.241
New York University,2021,0.194,0.082,0.189,0.223,0.004,0.043,0.035,0.231
New York University,2022,0.213,0.077,0.162,0.212,0.003,0.044,0.037,0.252
New York University,2023,0.224,0.074,0.152,0.205,0.004,0.04,0.034,0.267
New York University,2024,0.268,0.042,0.098,0.234,0.001,0.052,0.052,0.253
Northwestern University,2010,0.193,0.054,0.082,0.561,0.002,0.032,0.013,0.063
Northwestern University,2011,0.155,0.052,0.091,0.559,0.0,0.067,0.009,0.067
Northwestern University,2012,0.175,0.054,0.089,0.547,0.001,0.057,0.008,0.068
Northwestern University,2013,0.177,0.06,0.125,0.501,0.0,0.04,0.009,0.089
Northwestern University,2014,0.181,0.056,0.137,0.478,0.0,0.055,0.007,0.085
Northwestern University,2015,0.169,0.066,0.122,0.474,0.0,0.037,0.044,0.088
Northwestern University,2016,0.167,0.05,0.136,0.461,0.001,0.072,0.015,0.097
Northwestern University,2017,0.151,0.065,0.117,0.445,0.001,0.064,0.056,0.1
Northwestern University,2018,0.189,0.059,0.133,0.411,0.001,0.067,0.03,0.11
Northwestern University,2019,0.203,0.056,0.129,0.417,0.001,0.072,0.01,0.11
Northwestern University,2020,0.221,0.059,0.155,0.377,0.001,0.056,0.037,0.093
Northwestern University,2021,0.192,0.074,0.168,0.347,0.001,0.079,0.036,0.104
Northwestern University,2022,0.214,0.083,0.149,0.333,0.004,0.082,0.034,0.101
Northwestern University,2023,0.23,0.09,0.17,0.29,0.0,0.09,0.03,0.1
Northwestern University,2024,0.19,0.11,0.18,0.25,0.0,0.07,0.06,0.13
Oberlin College,2010,0.039,0.072,0.081,0.703,0.001,0.054,0.003,0.046
Oberlin College,2011,0.031,0.05,0.062,0.709,0.001,0.063,0.015,0.069
Oberlin College,2012,0.05,0.057,0.08,0.684,0.0,0.047,0.013,0.069
Oberlin College,2013,0.045,0.045,0.081,0.69,0.001,0.063,0.001,0.074
Oberlin College,2014,0.034,0.054,0.078,0.698,0.001,0.055,0.0,0.08
Oberlin College,2015,0.025,0.052,0.075,0.661,0.001,0.084,0.013,0.09
Oberlin College,2016,0.052,0.05,0.072,0.626,0.0,0.087,0.005,0.108
Oberlin College,2017,0.044,0.052,0.088,0.601,0.001,0.08,0.015,0.117
Oberlin College,2018,0.032,0.057,0.091,0.59,0.0,0.088,0.011,0.131
Oberlin College,2019,0.053,0.053,0.079,0.612,0.001,0.073,0.008,0.123
Oberlin College,2020,0.05,0.064,0.081,0.602,0.0,0.098,0.013,0.092
Oberlin College,2021,0.045,0.045,0.087,0.635,0.0,0.087,0.015,0.086
Oberlin College,2022,0.058,0.035,0.082,0.625,0.0,0.109,0.014,0.078
Oberlin College,2023,0.06,0.036,0.075,0.652,0.0,0.084,0.012,0.082
Oberlin College,2024,0.037,0.054,0.113,0.561,0.003,0.093,0.023,0.117
Occidental College,2010,0.133,0.037,0.18,0.531,0.002,0.068,0.016,0.035
Occidental College,2011,0.108,0.043,0.132,0.518,0.0,0.11,0.05,0.039
Occidental College,2012,0.111,0.043,0.162,0.508,0.009,0.108,0.026,0.032
Occidental College,2013,0.157,0.047,0.139,0.495,0.002,0.086,0.024,0.051
Occidental College,2014,0.121,0.033,0.132,0.498,0.002,0.101,0.016,0.097
Occidental College,2015,0.135,0.062,0.176,0.472,0.002,0.075,0.014,0.064
Occidental College,2016,0.147,0.064,0.122,0.502,0.0,0.07,0.018,0.078
Occidental College,2017,0.147,0.03,0.135,0.534,0.004,0.089,0.014,0.048
Occidental College,2018,0.158,0.05,0.138,0.483,0.004,0.092,0.007,0.069
Occidental College,2019,0.162,0.02,0.158,0.477,0.0,0.109,0.004,0.071
Occidental College,2020,0.117,0.045,0.182,0.463,0.0,0.119,0.015,0.06
Occidental College,2021,0.123,0.062,0.155,0.49,0.002,0.11,0.011,0.047
Occidental College,2022,0.151,0.032,0.156,0.508,0.0,0.117,0.009,0.026
Occidental College,2023,0.15,0.04,0.18,0.47,0.008,0.1,0.0,0.05
Occidental College,2024,0.19,0.05,0.18,0.43,0.006,0.08,0.0,0.06
Pomona College,2010,0.112,0.055,0.145,0.474,0.0,0.057,0.095,0.062
Pomona College,2011,0.096,0.058,0.152,0.48,0.0,0.063,0.084,0.066
Pomona College,2012,0.13,0.06,0.158,0.406,0.005,0.083,0.063,0.095
Pomona College,2013,0.146,0.045,0.136,0.427,0.0,0.086,0.073,0.086
Pomona College,2014,0.129,0.087,0.124,0.424,0.009,0.071,0.049,0.107
Pomona College,2015,0.142,0.098,0.175,0.328,0.002,0.065,0.065,0.125
Pomona College,2016,0.158,0.107,0.151,0.36,0.007,0.071,0.027,0.119
Pomona College,2017,0.156,0.088,0.187,0.319,0.012,0.073,0.046,0.119
Pomona College,2018,0.15,0.102,0.16,0.359,0.002,0.075,0.039,0.112
Pomona College,2019,0.188,0.094,0.171,0.337,0.01,0.06,0.031,0.111
Pomona College,2020,0.198,0.108,0.165,0.306,0.0,0.075,0.043,0.105
Pomona College,2021,0.153,0.071,0.151,0.328,0.011,0.106,0.035,0.144
Pomona College,2022,0.18,0.141,0.163,0.26,0.005,0.087,0.034,0.131
Pomona College,2023,0.186,0.098,0.186,0.275,0.007,0.098,0.012,0.137
Pomona College,2024,0.213,0.05,0.179,0.294,0.0,0.069,0.05,0.144
Princeton University,2010,0.181,0.073,0.079,0.496,0.002,0.038,0.024,0.107
Princeton University,2011,0.187,0.076,0.071,0.494,0.002,0.047,0.016,0.108
Princeton University,2012,0.223,0.074,0.074,0.452,0.0,0.051,0.015,0.111
Princeton University,2013,0.211,0.082,0.097,0.438,0.002,0.036,0.017,0.118
Princeton University,2014,0.211,0.08,0.092,0.445,0.006,0.04,0.014,0.111
Princeton University,2015,0.219,0.068,0.108,0.42,0.003,0.035,0.014,0.133
Princeton University,2016,0.204,0.078,0.094,0.438,0.002,0.051,0.017,0.116
Princeton University,2017,0.225,0.081,0.11,0.398,0.002,0.048,0.011,0.125
Princeton University,2018,0.217,0.084,0.101,0.401,0.004,0.055,0.013,0.125
Princeton University,2019,0.249,0.073,0.109,0.39,0.004,0.058,0.009,0.109
Princeton University,2020,0.258,0.099,0.086,0.36,0.002,0.071,0.011,0.113
Princeton University,2021,0.212,0.079,0.113,0.376,0.002,0.074,0.02,0.123
Princeton University,2022,0.251,0.086,0.084,0.337,0.003,0.072,0.02,0.148
Princeton University,2023,0.242,0.09,0.098,0.319,0.002,0.07,0.045,0.13
Princeton University,2024,0.238,0.089,0.09,0.313,0.001,0.072,0.077,0.12
Rensselaer Polytechnic Institute,2010,0.089,0.021,0.046,0.724,0.0,0.066,0.012,0.042
Rensselaer Polytechnic Institute,2011,0.094,0.024,0.067,0.664,0.001,0.073,0.009,0.069
Rensselaer Polytechnic Institute,2012,0.098,0.023,0.082,0.639,0.002,0.071,0.028,0.058
Rensselaer Polytechnic Institute,2013,0.12,0.019,0.082,0.602,0.002,0.067,0.018,0.089
Rensselaer Polytechnic Institute,2014,0.105,0.038,0.079,0.582,0.002,0.074,0.006,0.113
Rensselaer Polytechnic Institute,2015,0.086,0.038,0.094,0.558,0.001,0.086,0.014,0.123
Rensselaer Polytechnic Institute,2016,0.131,0.04,0.101,0.533,0.002,0.063,0.015,0.114
Rensselaer Polytechnic Institute,2017,0.144,0.041,0.094,0.476,0.002,0.054,0.014,0.174
Rensselaer Polytechnic Institute,2018,0.176,0.042,0.094,0.459,0.002,0.049,0.013,0.164
Rensselaer Polytechnic Institute,2019,0.171,0.043,0.102,0.401,0.002,0.049,0.052,0.18
Rensselaer Polytechnic Institute,2020,0.165,0.053,0.133,0.41,0.001,0.046,0.051,0.141
Rensselaer Polytechnic Institute,2021,0.202,0.054,0.102,0.428,0.002,0.055,0.045,0.112
Rensselaer Polytechnic Institute,2022,0.234,0.043,0.123,0.434,0.0,0.056,0.062,0.047
Rensselaer Polytechnic Institute,2023,0.229,0.054,0.128,0.44,0.0,0.05,0.042,0.057
Rensselaer Polytechnic Institute,2024,0.209,0.035,0.101,0.513,0.002,0.057,0.042,0.043
Rice University,2010,0.223,0.06,0.107,0.438,0.004,0.053,0.002,0.113
Rice University,2011,0.187,0.068,0.184,0.397,0.001,0.053,0.009,0.1
Rice University,2012,0.223,0.069,0.155,0.388,0.0,0.046,0.017,0.102
Rice University,2013,0.217,0.055,0.166,0.367,0.0,0.044,0.012,0.138
Rice University,2014,0.265,0.084,0.124,0.359,0.002,0.043,0.004,0.118
Rice University,2015,0.257,0.064,0.131,0.367,0.004,0.042,0.018,0.116
Rice University,2016,0.245,0.071,0.157,0.358,0.002,0.034,0.026,0.108
Rice University,2017,0.288,0.073,0.175,0.293,0.004,0.049,0.014,0.105
Rice University,2018,0.24,0.087,0.174,0.314,0.002,0.051,0.009,0.123
Rice University,2019,0.291,0.075,0.162,0.308,0.0,0.048,0.006,0.109
Rice University,2020,0.305,0.078,0.145,0.305,0.001,0.054,0.009,0.103
Rice University,2021,0.305,0.084,0.15,0.262,0.003,0.048,0.019,0.128
Rice University,2022,0.291,0.083,0.166,0.256,0.003,0.05,0.017,0.133
Rice University,2023,0.3,0.08,0.18,0.24,0.0,0.06,0.02,0.13
Rice University,2024,0.29,0.06,0.17,0.26,0.0,0.06,0.03,0.14
Rose-Hulman Institute of Technology,2010,0.042,0.029,0.029,0.783,0.009,0.036,0.007,0.065
Rose-Hulman Institute of Technology,2011,0.032,0.02,0.032,0.81,0.0,0.026,0.002,0.079
Rose-Hulman Institute of Technology,2012,0.043,0.016,0.023,0.789,0.003,0.034,0.008,0.084
Rose-Hulman Institute of Technology,2013,0.036,0.021,0.027,0.758,0.002,0.043,0.0,0.113
Rose-Hulman Institute of Technology,2014,0.04,0.022,0.043,0.703,0.0,0.052,0.0,0.141
Rose-Hulman Institute of Technology,2015,0.051,0.026,0.044,0.706,0.002,0.05,0.0,0.121
Rose-Hulman Institute of Technology,2016,0.057,0.028,0.052,0.663,0.007,0.044,0.002,0.147
Rose-Hulman Institute of Technology,2017,0.052,0.032,0.047,0.655,0.0,0.038,0.02,0.156
Rose-Hulman Institute of Technology,2018,0.06,0.042,0.048,0.625,0.0,0.04,0.022,0.162
Rose-Hulman Institute of Technology,2019,0.062,0.054,0.05,0.665,0.004,0.05,0.032,0.081
Rose-Hulman Institute of Technology,2020,0.066,0.058,0.064,0.672,0.002,0.058,0.011,0.068
Rose-Hulman Institute of Technology,2021,0.082,0.03,0.063,0.705,0.005,0.063,0.008,0.046
Rose-Hulman Institute of Technology,2022,0.08,0.012,0.037,0.726,0.002,0.057,0.013,0.074
Rose-Hulman Institute of Technology,2023,0.067,0.025,0.056,0.71,0.005,0.062,0.005,0.069
Rose-Hulman Institute of Technology,2024,0.089,0.02,0.05,0.651,0.002,0.07,0.005,0.114
Scripps College,2010,0.099,0.042,0.084,0.58,0.004,0.065,0.088,0.038
Scripps College,2011,0.198,0.012,0.066,0.494,0.004,0.086,0.089,0.051
Scripps College,2012,0.213,0.034,0.111,0.417,0.004,0.081,0.102,0.038
Scripps College,2013,0.143,0.026,0.077,0.522,0.0,0.092,0.096,0.044
Scripps College,2014,0.157,0.052,0.129,0.55,0.004,0.004,0.06,0.044
Scripps College,2015,0.144,0.047,0.13,0.466,0.0,0.09,0.058,0.065
Scripps College,2016,0.174,0.052,0.104,0.585,0.004,0.004,0.033,0.044
Scripps College,2017,0.18,0.021,0.153,0.532,0.003,0.037,0.021,0.052
Scripps College,2018,0.123,0.052,0.151,0.548,0.0,0.075,0.016,0.036
Scripps College,2019,0.152,0.032,0.124,0.491,0.0,0.127,0.021,0.053
Scripps College,2020,0.133,0.054,0.148,0.532,0.0,0.089,0.01,0.034
Scripps College,2021,0.13,0.028,0.127,0.579,0.0,0.089,0.016,0.032
Scripps College,2022,0.104,0.054,0.119,0.565,0.0,0.119,0.008,0.031
Scripps College,2023,0.178,0.051,0.12,0.458,0.0,0.127,0.007,0.058
Scripps College,2024,0.166,0.026,0.099,0.537,0.0,0.086,0.022,0.064
Smith College,2010,0.119,0.052,0.09,0.501,0.005,0.043,0.074,0.116
Smith College,2011,0.15,0.039,0.082,0.451,0.001,0.05,0.085,0.141
Smith College,2012,0.112,0.055,0.131,0.453,0.0,0.051,0.086,0.112
Smith College,2013,0.14,0.04,0.098,0.406,0.002,0.047,0.1,0.168
Smith College,2014,0.143,0.049,0.093,0.476,0.002,0.039,0.044,0.156
Smith College,2015,0.1,0.072,0.113,0.409,0.002,0.053,0.092,0.159
Smith College,2016,0.093,0.075,0.11,0.471,0.003,0.052,0.057,0.139
Smith College,2017,0.091,0.067,0.107,0.481,0.002,0.049,0.055,0.149
Smith College,2018,0.098,0.06,0.132,0.485,0.002,0.057,0.029,0.137
Smith College,2019,0.1,0.057,0.136,0.483,0.0,0.051,0.019,0.155
Smith College,2020,0.121,0.072,0.133,0.459,0.008,0.059,0.019,0.129
Smith College,2021,0.095,0.05,0.12,0.51,0.0,0.065,0.007,0.152
Smith College,2022,0.082,0.063,0.121,0.533,0.005,0.055,0.013,0.128
Smith College,2023,0.106,0.046,0.129,0.507,0.0,0.072,0.005,0.134
Smith College,2024,0.091,0.043,0.129,0.454,0.002,0.079,0.045,0.157
Stanford University,2010,0.173,0.073,0.181,0.355,0.016,0.11,0.01,0.083
Stanford University,2011,0.208,0.065,0.171,0.343,0.012,0.114,0.004,0.083
Stanford University,2012,0.192,0.052,0.154,0.402,0.009,0.115,0.003,0.073
Stanford University,2013,0.194,0.058,0.162,0.354,0.016,0.112,0.006,0.098
Stanford University,2014,0.208,0.06,0.159,0.37,0.014,0.112,0.002,0.076
Stanford University,2015,0.224,0.062,0.134,0.364,0.008,0.102,0.003,0.103
Stanford University,2016,0.215,0.075,0.165,0.346,0.015,0.079,0.006,0.099
Stanford University,2017,0.235,0.069,0.146,0.337,0.014,0.088,0.005,0.106
Stanford University,2018,0.228,0.058,0.169,0.314,0.011,0.103,0.004,0.113
Stanford University,2019,0.243,0.068,0.172,0.287,0.013,0.1,0.0,0.116
Stanford University,2020,0.283,0.083,0.179,0.25,0.009,0.095,0.001,0.099
Stanford University,2021,0.273,0.077,0.182,0.237,0.011,0.101,0.002,0.116
Stanford University,2022,0.291,0.073,0.167,0.22,0.013,0.099,0.003,0.134
Stanford University,2023,0.288,0.089,0.167,0.219,0.011,0.088,0.002,0.136
Stanford University,2024,0.27,0.05,0.15,0.22,0.01,0.08,0.08,0.14
Swarthmore College,2010,0.147,0.057,0.126,0.472,0.003,0.067,0.034,0.095
Swarthmore College,2011,0.135,0.065,0.161,0.404,0.003,0.075,0.07,0.088
Swarthmore College,2012,0.151,0.056,0.132,0.455,0.0,0.066,0.053,0.087
Swarthmore College,2013,0.18,0.052,0.144,0.412,0.0,0.082,0.046,0.082
Swarthmore College,2014,0.162,0.064,0.118,0.432,0.005,0.088,0.005,0.125
Swarthmore College,2015,0.192,0.066,0.118,0.408,0.002,0.066,0.02,0.128
Swarthmore College,2016,0.14,0.077,0.135,0.424,0.002,0.063,0.039,0.12
Swarthmore College,2017,0.161,0.069,0.11,0.393,0.003,0.071,0.054,0.14
Swarthmore College,2018,0.159,0.072,0.138,0.374,0.007,0.082,0.034,0.133
Swarthmore College,2019,0.151,0.084,0.137,0.348,0.007,0.084,0.036,0.153
Swarthmore College,2020,0.223,0.08,0.139,0.292,0.0,0.097,0.027,0.142
Swarthmore College,2021,0.161,0.095,0.139,0.317,0.004,0.097,0.026,0.161
Swarthmore College,2022,0.173,0.111,0.134,0.296,0.007,0.106,0.037,0.136
Swarthmore College,2023,0.157,0.089,0.181,0.277,0.005,0.14,0.017,0.135
Swarthmore College,2024,0.173,0.08,0.164,0.326,0.007,0.101,0.035,0.115
The College of New Jersey,2010,0.102,0.051,0.117,0.661,0.002,0.02,0.044,0.004
The College of New Jersey,2011,0.114,0.049,0.121,0.634,0.005,0.013,0.059,0.005
The College of New Jersey,2012,0.11,0.06,0.114,0.635,0.007,0.007,0.064,0.003
The College of New Jersey,2013,0.101,0.045,0.131,0.654,0.004,0.005,0.058,0.002
The College of New Jersey,2014,0.141,0.066,0.127,0.639,0.005,0.001,0.018,0.002
The College of New Jersey,2015,0.114,0.061,0.133,0.642,0.008,0.001,0.037,0.005
The College of New Jersey,2016,0.132,0.056,0.146,0.648,0.0,0.006,0.01,0.002
The College of New Jersey,2017,0.122,0.061,0.141,0.619,0.003,0.007,0.043,0.003
The College of New Jersey,2018,0.139,0.077,0.16,0.578,0.003,0.003,0.036,0.004
The College of New Jersey,2019,0.117,0.052,0.179,0.593,0.002,0.033,0.014,0.01
The College of New Jersey,2020,0.121,0.048,0.169,0.605,0.001,0.033,0.015,0.008
The College of New Jersey,2021,0.113,0.065,0.192,0.556,0.001,0.026,0.038,0.009
The College of New Jersey,2022,0.099,0.069,0.2,0.556,0.001,0.031,0.038,0.006
The College of New Jersey,2023,0.12,0.06,0.19,0.55,0.0,0.04,0.02,0.01
The College of New Jersey,2024,0.1,0.06,0.18,0.59,0.0,0.02,0.04,0.01
Tufts University,2010,0.088,0.053,0.062,0.575,0.0,0.044,0.12,0.059
Tufts University,2011,0.103,0.033,0.073,0.568,0.0,0.043,0.107,0.073
Tufts University,2012,0.108,0.034,0.059,0.567,0.002,0.039,0.094,0.097
Tufts University,2013,0.124,0.037,0.054,0.566,0.0,0.042,0.076,0.1
Tufts University,2014,0.106,0.043,0.074,0.605,0.0,0.052,0.048,0.072
Tufts University,2015,0.119,0.032,0.054,0.614,0.0,0.036,0.038,0.106
Tufts University,2016,0.134,0.048,0.067,0.549,0.0,0.053,0.036,0.114
Tufts University,2017,0.125,0.036,0.074,0.556,0.0,0.053,0.059,0.096
Tufts University,2018,0.149,0.047,0.076,0.523,0.001,0.059,0.042,0.103
Tufts University,2019,0.154,0.043,0.078,0.511,0.001,0.053,0.038,0.12
Tufts University,2020,0.165,0.056,0.106,0.456,0.001,0.068,0.035,0.113
Tufts University,2021,0.153,0.068,0.11,0.422,0.003,0.086,0.037,0.121
Tufts University,2022,0.162,0.073,0.097,0.407,0.0,0.079,0.052,0.13
Tufts University,2023,0.179,0.064,0.092,0.412,0.0,0.1,0.029,0.12
Tufts University,2024,0.171,0.041,0.1,0.427,0.0,0.069,0.058,0.134
Tulane University of Louisiana,2010,0.056,0.031,0.041,0.802,0.001,0.031,0.014,0.023
Tulane University of Louisiana,2011,0.039,0.029,0.047,0.761,0.003,0.024,0.077,0.021
Tulane University of Louisiana,2012,0.038,0.037,0.056,0.798,0.002,0.03,0.022,0.018
Tulane University of Louisiana,2013,0.037,0.032,0.042,0.792,0.003,0.037,0.037,0.02
Tulane University of Louisiana,2014,0.041,0.036,0.061,0.767,0.003,0.036,0.041,0.015
Tulane University of Louisiana,2015,0.037,0.034,0.064,0.739,0.002,0.037,0.057,0.03
Tulane University of Louisiana,2016,0.055,0.043,0.058,0.76,0.002,0.032,0.008,0.043
Tulane University of Louisiana,2017,0.054,0.039,0.071,0.733,0.006,0.038,0.008,0.051
Tulane University of Louisiana,2018,0.053,0.037,0.086,0.724,0.001,0.04,0.01,0.049
Tulane University of Louisiana,2019,0.061,0.051,0.071,0.695,0.001,0.057,0.009,0.055
Tulane University of Louisiana,2020,0.057,0.051,0.093,0.669,0.001,0.043,0.008,0.079
Tulane University of Louisiana,2021,0.057,0.059,0.09,0.681,0.001,0.053,0.009,0.05
Tulane University of Louisiana,2022,0.064,0.062,0.114,0.645,0.001,0.056,0.016,0.042
Tulane University of Louisiana,2023,0.06,0.05,0.13,0.62,0.01,0.06,0.01,0.06
Tulane University of Louisiana,2024,0.05,0.06,0.12,0.63,0.0,0.05,0.03,0.06
United States Air Force Academy,2010,0.08,0.081,0.087,0.691,0.027,0.0,0.022,0.014
United States Air Force Academy,2011,0.073,0.092,0.099,0.669,0.033,0.0,0.025,0.008
United States Air Force Academy,2012,0.045,0.063,0.084,0.699,0.01,0.066,0.014,0.019
United States Air Force Academy,2013,0.047,0.079,0.098,0.579,0.01,0.068,0.108,0.011
United States Air Force Academy,2014,0.043,0.051,0.112,0.636,0.004,0.064,0.076,0.012
United States Air Force Academy,2015,0.05,0.052,0.118,0.594,0.011,0.094,0.073,0.009
United States Air Force Academy,2016,0.056,0.064,0.102,0.639,0.012,0.073,0.044,0.012
United States Air Force Academy,2017,0.058,0.071,0.102,0.639,0.012,0.069,0.036,0.014
United States Air Force Academy,2018,0.064,0.077,0.11,0.619,0.004,0.08,0.03,0.015
United States Air Force Academy,2019,0.056,0.061,0.122,0.656,0.003,0.074,0.018,0.011
United States Air Force Academy,2020,0.085,0.067,0.133,0.617,0.007,0.067,0.011,0.013
United States Air Force Academy,2021,0.072,0.057,0.105,0.655,0.012,0.071,0.011,0.016
United States Air Force Academy,2022,0.076,0.061,0.123,0.601,0.008,0.111,0.006,0.015
United States Air Force Academy,2023,0.086,0.037,0.11,0.654,0.007,0.089,0.005,0.012
United States Air Force Academy,2024,0.092,0.06,0.12,0.606,0.012,0.09,0.005,0.014
United States Naval Academy,2010,0.041,0.076,0.143,0.63,0.014,0.076,0.01,0.01
United States Naval Academy,2011,0.056,0.077,0.113,0.652,0.01,0.075,0.008,0.01
United States Naval Academy,2012,0.064,0.073,0.116,0.627,0.011,0.08,0.014,0.014
United States Naval Academy,2013,0.073,0.07,0.103,0.652,0.01,0.066,0.011,0.015
United States Naval Academy,2014,0.067,0.063,0.121,0.638,0.005,0.082,0.013,0.011
United States Naval Academy,2015,0.073,0.072,0.119,0.624,0.007,0.084,0.01,0.01
United States Naval Academy,2016,0.07,0.064,0.109,0.634,0.008,0.087,0.013,0.014
United States Naval Academy,2017,0.071,0.067,0.12,0.606,0.007,0.106,0.011,0.012
United States Naval Academy,2018,0.07,0.08,0.115,0.617,0.009,0.089,0.009,0.012
United States Naval Academy,2019,0.08,0.072,0.128,0.58,0.003,0.116,0.008,0.013
United States Naval Academy,2020,0.078,0.057,0.124,0.624,0.006,0.09,0.008,0.013
United States Naval Academy,2021,0.099,0.067,0.149,0.568,0.006,0.088,0.009,0.014
United States Naval Academy,2022,0.098,0.063,0.153,0.569,0.004,0.086,0.015,0.01
United States Naval Academy,2023,0.106,0.077,0.151,0.539,0.009,0.09,0.015,0.013
United States Naval Academy,2024,0.111,0.059,0.15,0.541,0.004,0.105,0.014,0.014
University of North Carolina at Chapel Hill,2010,0.084,0.089,0.07,0.7,0.005,0.03,0.004,0.018
University of North Carolina at Chapel Hill,2011,0.086,0.09,0.063,0.691,0.006,0.036,0.006,0.022
University of North Carolina at Chapel Hill,2012,0.1,0.078,0.059,0.671,0.006,0.045,0.022,0.019
University of North Carolina at Chapel Hill,2013,0.103,0.077,0.07,0.634,0.006,0.041,0.049,0.02
University of North Carolina at Chapel Hill,2014,0.107,0.083,0.076,0.63,0.006,0.047,0.027,0.024
University of North Carolina at Chapel Hill,2015,0.108,0.074,0.07,0.629,0.006,0.041,0.042,0.029
University of North Carolina at Chapel Hill,2016,0.106,0.081,0.07,0.63,0.005,0.042,0.045,0.021
University of North Carolina at Chapel Hill,2017,0.114,0.074,0.079,0.615,0.005,0.046,0.04,0.028
University of North Carolina at Chapel Hill,2018,0.118,0.085,0.084,0.562,0.008,0.05,0.041,0.051
University of North Carolina at Chapel Hill,2019,0.124,0.088,0.09,0.559,0.004,0.053,0.034,0.048
University of North Carolina at Chapel Hill,2020,0.138,0.085,0.096,0.554,0.004,0.053,0.025,0.046
University of North Carolina at Chapel Hill,2021,0.136,0.089,0.093,0.537,0.004,0.056,0.024,0.061
University of North Carolina at Chapel Hill,2022,0.164,0.078,0.084,0.551,0.004,0.049,0.025,0.045
University of North Carolina at Chapel Hill,2023,0.16,0.079,0.1,0.522,0.004,0.056,0.023,0.056
University of North Carolina at Chapel Hill,2024,0.183,0.053,0.088,0.527,0.003,0.046,0.04,0.059
University of Rochester,2010,0.111,0.042,0.057,0.595,0.002,0.031,0.034,0.127
University of Rochester,2011,0.112,0.036,0.05,0.529,0.002,0.018,0.1,0.154
University of Rochester,2012,0.098,0.057,0.057,0.493,0.006,0.034,0.101,0.155
University of Rochester,2013,0.095,0.048,0.075,0.48,0.003,0.034,0.082,0.183
University of Rochester,2014,0.114,0.049,0.063,0.481,0.003,0.035,0.043,0.212
University of Rochester,2015,0.123,0.048,0.087,0.449,0.002,0.029,0.07,0.192
University of Rochester,2016,0.112,0.038,0.06,0.457,0.002,0.027,0.051,0.254
University of Rochester,2017,0.094,0.06,0.08,0.39,0.0,0.03,0.043,0.305
University of Rochester,2018,0.106,0.049,0.068,0.396,0.002,0.034,0.025,0.321
University of Rochester,2019,0.129,0.051,0.087,0.435,0.002,0.045,0.032,0.22
University of Rochester,2020,0.149,0.051,0.094,0.419,0.002,0.05,0.015,0.22
University of Rochester,2021,0.193,0.044,0.063,0.4,0.002,0.035,0.027,0.236
University of Rochester,2022,0.214,0.042,0.092,0.346,0.001,0.048,0.028,0.229
University of Rochester,2023,0.18,0.05,0.1,0.36,0.0,0.04,0.03,0.24
University of Rochester,2024,0.18,0.06,0.09,0.36,0.0,0.04,0.03,0.25
University of Southern California,2010,0.249,0.057,0.132,0.409,0.004,0.042,0.002,0.105
University of Southern California,2011,0.243,0.05,0.121,0.377,0.003,0.054,0.004,0.148
University of Southern California,2012,0.236,0.042,0.124,0.404,0.001,0.053,0.037,0.102
University of Southern California,2013,0.206,0.041,0.128,0.388,0.001,0.054,0.029,0.152
University of Southern California,2014,0.213,0.045,0.12,0.36,0.006,0.061,0.03,0.165
University of Southern California,2015,0.207,0.049,0.131,0.397,0.002,0.055,0.012,0.146
University of Southern California,2016,0.198,0.053,0.133,0.405,0.004,0.06,0.01,0.138
University of Southern California,2017,0.208,0.048,0.148,0.378,0.004,0.07,0.006,0.138
University of Southern California,2018,0.22,0.051,0.162,0.36,0.002,0.066,0.006,0.134
University of Southern California,2019,0.232,0.062,0.15,0.323,0.003,0.062,0.024,0.143
University of Southern California,2020,0.271,0.059,0.173,0.304,0.003,0.057,0.014,0.12
University of Southern California,2021,0.238,0.089,0.2,0.264,0.004,0.062,0.015,0.128
University of Southern California,2022,0.223,0.076,0.175,0.252,0.006,0.071,0.021,0.176
University of Southern California,2023,0.223,0.078,0.201,0.233,0.004,0.079,0.015,0.166
University of Southern California,2024,0.175,0.066,0.188,0.212,0.004,0.054,0.13,0.171
University of Virginia,2010,0.138,0.069,0.054,0.583,0.001,0.04,0.052,0.064
University of Virginia,2011,0.135,0.063,0.06,0.608,0.001,0.046,0.023,0.065
University of Virginia,2012,0.113,0.055,0.05,0.619,0.002,0.044,0.058,0.058
University of Virginia,2013,0.117,0.058,0.056,0.609,0.001,0.044,0.057,0.057
University of Virginia,2014,0.13,0.063,0.066,0.607,0.001,0.049,0.045,0.04
University of Virginia,2015,0.139,0.066,0.058,0.571,0.002,0.043,0.069,0.051
University of Virginia,2016,0.141,0.073,0.064,0.574,0.002,0.039,0.06,0.046
University of Virginia,2017,0.149,0.07,0.063,0.567,0.002,0.045,0.063,0.042
University of Virginia,2018,0.159,0.065,0.061,0.56,0.003,0.054,0.055,0.042
University of Virginia,2019,0.165,0.068,0.064,0.547,0.001,0.052,0.052,0.051
University of Virginia,2020,0.172,0.071,0.071,0.538,0.001,0.055,0.053,0.038
University of Virginia,2021,0.185,0.064,0.064,0.523,0.001,0.059,0.056,0.048
University of Virginia,2022,0.2,0.081,0.075,0.474,0.002,0.058,0.056,0.054
University of Virginia,2023,0.219,0.082,0.071,0.467,0.003,0.058,0.049,0.052
University of Virginia,2024,0.202,0.072,0.09,0.462,0.001,0.056,0.063,0.052
Vanderbilt University,2010,0.062,0.089,0.09,0.629,0.006,0.052,0.015,0.056
Vanderbilt University,2011,0.078,0.08,0.078,0.628,0.001,0.056,0.021,0.058
Vanderbilt University,2012,0.092,0.079,0.076,0.629,0.002,0.048,0.014,0.059
Vanderbilt University,2013,0.104,0.086,0.084,0.531,0.008,0.053,0.073,0.06
Vanderbilt University,2014,0.127,0.095,0.094,0.535,0.005,0.043,0.032,0.07
Vanderbilt University,2015,0.134,0.096,0.101,0.479,0.006,0.05,0.058,0.075
Vanderbilt University,2016,0.138,0.107,0.104,0.475,0.009,0.053,0.039,0.076
Vanderbilt University,2017,0.147,0.125,0.108,0.419,0.012,0.059,0.049,0.082
Vanderbilt University,2018,0.15,0.119,0.101,0.399,0.007,0.056,0.045,0.124
Vanderbilt University,2019,0.15,0.117,0.097,0.415,0.006,0.051,0.045,0.119
Vanderbilt University,2020,0.188,0.115,0.11,0.397,0.005,0.058,0.04,0.087
Vanderbilt University,2021,0.169,0.119,0.127,0.374,0.008,0.06,0.04,0.104
Vanderbilt University,2022,0.18,0.11,0.119,0.375,0.011,0.062,0.038,0.105
Vanderbilt University,2023,0.19,0.115,0.129,0.363,0.005,0.062,0.03,0.107
Vanderbilt University,2024,0.185,0.061,0.094,0.413,0.001,0.056,0.066,0.123
Villanova University,2010,0.058,0.039,0.068,0.776,0.001,0.021,0.008,0.029
Villanova University,2011,0.058,0.042,0.077,0.742,0.0,0.025,0.029,0.027
Villanova University,2012,0.063,0.042,0.082,0.733,0.0,0.03,0.02,0.031
Villanova University,2013,0.084,0.034,0.064,0.766,0.001,0.02,0.019,0.011
Villanova University,2014,0.084,0.039,0.085,0.745,0.001,0.023,0.008,0.015
Villanova University,2015,0.073,0.056,0.084,0.739,0.0,0.023,0.01,0.015
Villanova University,2016,0.055,0.047,0.069,0.76,0.0,0.031,0.023,0.015
Villanova University,2017,0.054,0.039,0.077,0.765,0.001,0.026,0.006,0.033
Villanova University,2018,0.049,0.044,0.08,0.753,0.001,0.03,0.01,0.033
Villanova University,2019,0.072,0.045,0.104,0.709,0.001,0.033,0.008,0.03
Villanova University,2020,0.083,0.047,0.11,0.689,0.002,0.04,0.011,0.018
Villanova University,2021,0.066,0.063,0.11,0.687,0.001,0.04,0.015,0.018
Villanova University,2022,0.078,0.055,0.127,0.662,0.001,0.044,0.013,0.02
Villanova University,2023,0.072,0.041,0.103,0.714,0.001,0.036,0.014,0.021
Villanova University,2024,0.058,0.055,0.118,0.69,0.001,0.044,0.02,0.015
Wake Forest University,2010,0.044,0.067,0.062,0.774,0.001,0.031,0.0,0.022
Wake Forest University,2011,0.05,0.067,0.053,0.78,0.002,0.028,0.0,0.019
Wake Forest University,2012,0.056,0.065,0.065,0.75,0.002,0.019,0.0,0.045
Wake Forest University,2013,0.038,0.06,0.065,0.75,0.002,0.033,0.0,0.052
Wake Forest University,2014,0.049,0.062,0.072,0.685,0.002,0.023,0.005,0.101
Wake Forest University,2015,0.043,0.064,0.062,0.695,0.002,0.033,0.0,0.101
Wake Forest University,2016,0.034,0.063,0.07,0.701,0.002,0.028,0.0,0.102
Wake Forest University,2017,0.03,0.068,0.069,0.7,0.001,0.031,0.0,0.101
Wake Forest University,2018,0.038,0.053,0.085,0.67,0.001,0.044,0.0,0.108
Wake Forest University,2019,0.031,0.059,0.077,0.695,0.001,0.044,0.0,0.093
Wake Forest University,2020,0.043,0.063,0.091,0.674,0.0,0.048,0.0,0.082
Wake Forest University,2021,0.045,0.047,0.09,0.654,0.001,0.052,0.011,0.099
Wake Forest University,2022,0.05,0.061,0.101,0.618,0.001,0.071,0.019,0.08
Wake Forest University,2023,0.075,0.067,0.1,0.624,0.001,0.056,0.011,0.065
Wake Forest University,2024,0.036,0.045,0.092,0.697,0.001,0.039,0.061,0.029
Washington and Lee University,2010,0.021,0.028,0.019,0.845,0.0,0.025,0.021,0.04
Washington and Lee University,2011,0.028,0.026,0.041,0.832,0.0,0.022,0.016,0.034
Washington and Lee University,2012,0.033,0.021,0.038,0.812,0.002,0.031,0.013,0.05
Washington and Lee University,2013,0.05,0.019,0.035,0.848,0.0,0.019,0.017,0.012
Washington and Lee University,2014,0.028,0.019,0.038,0.841,0.0,0.036,0.008,0.03
Washington and Lee University,2015,0.033,0.029,0.026,0.808,0.0,0.024,0.022,0.057
Washington and Lee University,2016,0.028,0.019,0.041,0.841,0.0,0.041,0.002,0.028
Washington and Lee University,2017,0.045,0.023,0.066,0.8,0.0,0.03,0.004,0.032
Washington and Lee University,2018,0.046,0.036,0.059,0.766,0.0,0.051,0.006,0.036
Washington and Lee University,2019,0.037,0.039,0.067,0.755,0.0,0.041,0.006,0.054
Washington and Lee University,2020,0.026,0.044,0.081,0.745,0.002,0.046,0.009,0.048
Washington and Lee University,2021,0.048,0.041,0.087,0.694,0.002,0.056,0.008,0.064
Washington and Lee University,2022,0.048,0.04,0.082,0.687,0.002,0.048,0.006,0.086
Washington and Lee University,2023,0.05,0.05,0.098,0.669,0.006,0.032,0.018,0.078
Washington and Lee University,2024,0.051,0.049,0.083,0.663,0.0,0.04,0.021,0.093
Wellesley College,2010,0.218,0.076,0.092,0.439,0.0,0.054,0.013,0.109
Wellesley College,2011,0.234,0.054,0.096,0.435,0.0,0.047,0.017,0.117
Wellesley College,2012,0.178,0.039,0.106,0.414,0.0,0.068,0.074,0.121
Wellesley College,2013,0.273,0.066,0.103,0.375,0.0,0.068,0.017,0.098
Wellesley College,2014,0.248,0.056,0.079,0.438,0.002,0.062,0.005,0.11
Wellesley College,2015,0.197,0.054,0.133,0.347,0.002,0.044,0.083,0.14
Wellesley College,2016,0.181,0.046,0.115,0.32,0.0,0.068,0.135,0.135
Wellesley College,2017,0.227,0.066,0.131,0.363,0.003,0.075,0.0,0.134
Wellesley College,2018,0.199,0.068,0.147,0.383,0.0,0.062,0.003,0.138
Wellesley College,2019,0.25,0.065,0.116,0.338,0.0,0.085,0.013,0.132
Wellesley College,2020,0.222,0.069,0.165,0.349,0.002,0.05,0.007,0.136
Wellesley College,2021,0.189,0.116,0.164,0.315,0.007,0.061,0.002,0.146
Wellesley College,2022,0.234,0.075,0.148,0.292,0.005,0.087,0.002,0.157
Wellesley College,2023,0.282,0.091,0.144,0.28,0.0,0.074,0.0,0.13
Wellesley College,2024,0.302,0.051,0.105,0.317,0.003,0.082,0.005,0.134
Wesleyan University,2010,0.064,0.068,0.094,0.596,0.0,0.048,0.059,0.071
Wesleyan University,2011,0.101,0.066,0.118,0.486,0.001,0.053,0.092,0.083
Wesleyan University,2012,0.089,0.078,0.1,0.499,0.001,0.06,0.089,0.084
Wesleyan University,2013,0.065,0.065,0.094,0.537,0.004,0.061,0.081,0.093
Wesleyan University,2014,0.097,0.077,0.087,0.575,0.001,0.053,0.02,0.089
Wesleyan University,2015,0.078,0.074,0.12,0.526,0.0,0.065,0.036,0.102
Wesleyan University,2016,0.068,0.052,0.118,0.547,0.004,0.044,0.036,0.132
Wesleyan University,2017,0.079,0.062,0.122,0.524,0.001,0.054,0.016,0.142
Wesleyan University,2018,0.062,0.051,0.105,0.57,0.0,0.066,0.019,0.127
Wesleyan University,2019,0.091,0.054,0.104,0.529,0.003,0.069,0.017,0.134
Wesleyan University,2020,0.092,0.049,0.125,0.562,0.001,0.079,0.026,0.065
Wesleyan University,2021,0.089,0.058,0.109,0.557,0.0,0.077,0.034,0.076
Wesleyan University,2022,0.097,0.058,0.093,0.532,0.001,0.073,0.038,0.109
Wesleyan University,2023,0.092,0.06,0.097,0.544,0.0,0.07,0.021,0.116
Wesleyan University,2024,0.08,0.06,0.114,0.513,0.001,0.07,0.046,0.115
Whitman College,2010,0.087,0.022,0.072,0.682,0.019,0.036,0.046,0.036
Whitman College,2011,0.075,0.008,0.06,0.769,0.008,0.02,0.043,0.018
Whitman College,2012,0.052,0.005,0.073,0.738,0.003,0.066,0.029,0.034
Whitman College,2013,0.043,0.01,0.087,0.73,0.005,0.054,0.026,0.046
Whitman College,2014,0.061,0.013,0.071,0.704,0.0,0.081,0.02,0.051
Whitman College,2015,0.052,0.016,0.058,0.695,0.005,0.082,0.025,0.066
Whitman College,2016,0.049,0.017,0.069,0.689,0.015,0.074,0.015,0.072
Whitman College,2017,0.054,0.023,0.082,0.635,0.013,0.077,0.021,0.095
Whitman College,2018,0.07,0.023,0.089,0.643,0.014,0.061,0.031,0.068
Whitman College,2019,0.061,0.028,0.085,0.598,0.002,0.089,0.026,0.111
Whitman College,2020,0.093,0.03,0.108,0.546,0.0,0.063,0.026,0.134
Whitman College,2021,0.059,0.023,0.088,0.627,0.002,0.063,0.01,0.128
Whitman College,2022,0.062,0.03,0.074,0.607,0.006,0.065,0.024,0.131
Whitman College,2023,0.045,0.043,0.167,0.532,0.0,0.056,0.007,0.151
Whitman College,2024,0.051,0.018,0.141,0.531,0.011,0.064,0.013,0.172
William & Mary,2010,0.059,0.066,0.084,0.621,0.003,0.047,0.09,0.03
William & Mary,2011,0.067,0.065,0.102,0.593,0.003,0.048,0.069,0.054
William & Mary,2012,0.064,0.081,0.096,0.569,0.001,0.051,0.08,0.057
William & Mary,2013,0.08,0.075,0.095,0.569,0.002,0.049,0.083,0.047
William & Mary,2014,0.095,0.082,0.081,0.598,0.002,0.038,0.028,0.075
William & Mary,2015,0.084,0.068,0.081,0.59,0.001,0.044,0.063,0.069
William & Mary,2016,0.065,0.065,0.106,0.582,0.003,0.057,0.057,0.065
William & Mary,2017,0.071,0.078,0.1,0.586,0.003,0.049,0.048,0.065
William & Mary,2018,0.089,0.071,0.093,0.572,0.002,0.052,0.057,0.064
William & Mary,2019,0.114,0.057,0.088,0.558,0.003,0.068,0.041,0.07
William & Mary,2020,0.106,0.072,0.076,0.596,0.002,0.064,0.045,0.039
William & Mary,2021,0.118,0.057,0.092,0.602,0.002,0.062,0.026,0.04
William & Mary,2022,0.118,0.054,0.094,0.606,0.001,0.07,0.016,0.04
William & Mary,2023,0.119,0.055,0.099,0.601,0.001,0.069,0.017,0.038
William & Mary,2024,0.106,0.043,0.088,0.637,0.003,0.083,0.013,0.027
Williams College,2010,0.109,0.08,0.099,0.591,0.004,0.049,0.0,0.068
Williams College,2011,0.103,0.081,0.117,0.561,0.0,0.068,0.0,0.07
Williams College,2012,0.106,0.068,0.143,0.565,0.005,0.057,0.0,0.057
Williams College,2013,0.103,0.07,0.127,0.555,0.002,0.075,0.0,0.068
Williams College,2014,0.123,0.064,0.126,0.524,0.0,0.073,0.0,0.09
Williams College,2015,0.138,0.093,0.122,0.514,0.002,0.049,0.0,0.083
Williams College,2016,0.134,0.078,0.13,0.537,0.0,0.047,0.0,0.074
Williams College,2017,0.108,0.095,0.144,0.478,0.0,0.053,0.047,0.075
Williams College,2018,0.126,0.062,0.122,0.493,0.002,0.056,0.054,0.084
Williams College,2019,0.119,0.055,0.115,0.471,0.002,0.084,0.046,0.108
Williams College,2020,0.187,0.031,0.108,0.463,0.0,0.077,0.048,0.087
Williams College,2021,0.117,0.035,0.125,0.528,0.0,0.071,0.051,0.073
Williams College,2022,0.137,0.071,0.158,0.425,0.0,0.081,0.038,0.09
Williams College,2023,0.126,0.068,0.148,0.453,0.0,0.079,0.033,0.091
Williams College,2024,0.115,0.073,0.155,0.426,0.0,0.079,0.042,0.11
